Type;Year;Subtopic
Magyar Közlönyben megjelent jogszabályok;1957;Agrártermelõk támogatása
Magyar Közlönyben megjelent jogszabályok;1957;Általános
Magyar Közlönyben megjelent jogszabályok;1957;Mezõgazdasági kutatás és fejlesztés
Magyar Közlönyben megjelent jogszabályok;1957;Általános
Magyar Közlönyben megjelent jogszabályok;1957;Általános
Magyar Közlönyben megjelent jogszabályok;1957;Általános
Magyar Közlönyben megjelent jogszabályok;1957;Agrár- és élelmiszerkereskedelem
Magyar Közlönyben megjelent jogszabályok;1957;Állat- és növénybetegségek, a kártevõk elleni védekezés
Magyar Közlönyben megjelent jogszabályok;1957;Agrár- és élelmiszerkereskedelem
Magyar Közlönyben megjelent jogszabályok;1957;Általános
Magyar Közlönyben megjelent jogszabályok;1957;Egyéb
Magyar Közlönyben megjelent jogszabályok;1957;Egyéb
Magyar Közlönyben megjelent jogszabályok;1957;Általános
Magyar Közlönyben megjelent jogszabályok;1957;Halászat és horgászat
Magyar Közlönyben megjelent jogszabályok;1957;Általános
Magyar Közlönyben megjelent jogszabályok;1957;Egyéb
Magyar Közlönyben megjelent jogszabályok;1957;Agrár- és élelmiszerkereskedelem
Magyar Közlönyben megjelent jogszabályok;1957;Agrár- és élelmiszerkereskedelem
Magyar Közlönyben megjelent jogszabályok;1957;Agrár- és élelmiszerkereskedelem
Magyar Közlönyben megjelent jogszabályok;1957;Agrár- és élelmiszerkereskedelem
Magyar Közlönyben megjelent jogszabályok;1957;Általános
Magyar Közlönyben megjelent jogszabályok;1957;Agrár- és élelmiszerkereskedelem
Magyar Közlönyben megjelent jogszabályok;1957;Élelmiszerfelügyelet és -biztonság
Magyar Közlönyben megjelent jogszabályok;1957;Agrár- és élelmiszerkereskedelem
Magyar Közlönyben megjelent jogszabályok;1957;Agrár- és élelmiszerkereskedelem
Magyar Közlönyben megjelent jogszabályok;1957;Egyéb
Magyar Közlönyben megjelent jogszabályok;1957;Élelmiszerfelügyelet és -biztonság
Magyar Közlönyben megjelent jogszabályok;1957;Agrár- és élelmiszerkereskedelem
Magyar Közlönyben megjelent jogszabályok;1957;Élelmiszerfelügyelet és -biztonság
Magyar Közlönyben megjelent jogszabályok;1957;Egyéb
Magyar Közlönyben megjelent jogszabályok;1957;Általános
Magyar Közlönyben megjelent jogszabályok;1957;Állat- és növénybetegségek, a kártevõk elleni védekezés
Magyar Közlönyben megjelent jogszabályok;1957;Állat- és növénybetegségek, a kártevõk elleni védekezés
Magyar Közlönyben megjelent jogszabályok;1957;Agrár- és élelmiszerkereskedelem
Magyar Közlönyben megjelent jogszabályok;1957;Általános
Magyar Közlönyben megjelent jogszabályok;1957;Élelmiszerfelügyelet és -biztonság
Magyar Közlönyben megjelent jogszabályok;1957;Agrár- és élelmiszerkereskedelem
Magyar Közlönyben megjelent jogszabályok;1957;Általános
Magyar Közlönyben megjelent jogszabályok;1957;Agrár- és élelmiszerkereskedelem
Magyar Közlönyben megjelent jogszabályok;1957;Élelmiszerfelügyelet és -biztonság
Magyar Közlönyben megjelent jogszabályok;1957;Élelmiszerfelügyelet és -biztonság
Magyar Közlönyben megjelent jogszabályok;1957;Általános
Magyar Közlönyben megjelent jogszabályok;1957;Általános
Magyar Közlönyben megjelent jogszabályok;1957;Agrár- és élelmiszerkereskedelem
Magyar Közlönyben megjelent jogszabályok;1957;Állat- és növénybetegségek, a kártevõk elleni védekezés
Magyar Közlönyben megjelent jogszabályok;1957;Agrártermelõk támogatása
Magyar Közlönyben megjelent jogszabályok;1957;Halászat és horgászat
Magyar Közlönyben megjelent jogszabályok;1957;Agrár- és élelmiszerkereskedelem
Magyar Közlönyben megjelent jogszabályok;1957;Agrár- és élelmiszerkereskedelem
Magyar Közlönyben megjelent jogszabályok;1957;Agrár- és élelmiszerkereskedelem
Magyar Közlönyben megjelent jogszabályok;1957;Állat- és növénybetegségek, a kártevõk elleni védekezés
Magyar Közlönyben megjelent jogszabályok;1957;Agrár- és élelmiszerkereskedelem
Magyar Közlönyben megjelent jogszabályok;1957;Agrár- és élelmiszerkereskedelem
Magyar Közlönyben megjelent jogszabályok;1957;Általános
Magyar Közlönyben megjelent jogszabályok;1957;Agrár- és élelmiszerkereskedelem
Magyar Közlönyben megjelent jogszabályok;1957;Agrár- és élelmiszerkereskedelem
Magyar Közlönyben megjelent jogszabályok;1957;Állat- és növénybetegségek, a kártevõk elleni védekezés
Magyar Közlönyben megjelent jogszabályok;1957;Agrár- és élelmiszerkereskedelem
Magyar Közlönyben megjelent jogszabályok;1957;Általános
Magyar Közlönyben megjelent jogszabályok;1957;Agrár- és élelmiszerkereskedelem
Magyar Közlönyben megjelent jogszabályok;1957;Agrár- és élelmiszerkereskedelem
Magyar Közlönyben megjelent jogszabályok;1957;Agrár- és élelmiszerkereskedelem
Magyar Közlönyben megjelent jogszabályok;1957;Élelmiszerfelügyelet és -biztonság
Magyar Közlönyben megjelent jogszabályok;1957;Agrártermelõk támogatása
Magyar Közlönyben megjelent jogszabályok;1957;Agrártermelõk támogatása
Magyar Közlönyben megjelent jogszabályok;1957;Élelmiszerfelügyelet és -biztonság
Magyar Közlönyben megjelent jogszabályok;1957;Állat- és növénybetegségek, a kártevõk elleni védekezés
Magyar Közlönyben megjelent jogszabályok;1957;Általános
Magyar Közlönyben megjelent jogszabályok;1957;Állat- és növénybetegségek, a kártevõk elleni védekezés
Magyar Közlönyben megjelent jogszabályok;1957;Élelmiszerfelügyelet és -biztonság
Magyar Közlönyben megjelent jogszabályok;1957;Élelmiszerfelügyelet és -biztonság
Magyar Közlönyben megjelent jogszabályok;1957;Állat- és növénybetegségek, a kártevõk elleni védekezés
Magyar Közlönyben megjelent jogszabályok;1957;Agrár- és élelmiszerkereskedelem
Magyar Közlönyben megjelent jogszabályok;1957;Élelmiszerfelügyelet és -biztonság
Magyar Közlönyben megjelent jogszabályok;1957;Agrár- és élelmiszerkereskedelem
Magyar Közlönyben megjelent jogszabályok;1958;Élelmiszerfelügyelet és -biztonság
Magyar Közlönyben megjelent jogszabályok;1958;Általános
Magyar Közlönyben megjelent jogszabályok;1958;Agrár- és élelmiszerkereskedelem
Magyar Közlönyben megjelent jogszabályok;1958;Agrár- és élelmiszerkereskedelem
Magyar Közlönyben megjelent jogszabályok;1958;Élelmiszerfelügyelet és -biztonság
Magyar Közlönyben megjelent jogszabályok;1958;Egyéb
Magyar Közlönyben megjelent jogszabályok;1958;Általános
Magyar Közlönyben megjelent jogszabályok;1958;Agrár- és élelmiszerkereskedelem
Magyar Közlönyben megjelent jogszabályok;1958;Élelmiszerfelügyelet és -biztonság
Magyar Közlönyben megjelent jogszabályok;1958;Általános
Magyar Közlönyben megjelent jogszabályok;1958;Állat- és növénybetegségek, a kártevõk elleni védekezés
Magyar Közlönyben megjelent jogszabályok;1958;Agrártermelõk támogatása
Magyar Közlönyben megjelent jogszabályok;1958;Halászat és horgászat
Magyar Közlönyben megjelent jogszabályok;1958;Élelmiszerfelügyelet és -biztonság
Magyar Közlönyben megjelent jogszabályok;1958;Egyéb
Magyar Közlönyben megjelent jogszabályok;1958;Általános
Magyar Közlönyben megjelent jogszabályok;1958;Állat- és növénybetegségek, a kártevõk elleni védekezés
Magyar Közlönyben megjelent jogszabályok;1958;Agrár- és élelmiszerkereskedelem
Magyar Közlönyben megjelent jogszabályok;1958;Agrár- és élelmiszerkereskedelem
Magyar Közlönyben megjelent jogszabályok;1958;Élelmiszerfelügyelet és -biztonság
Magyar Közlönyben megjelent jogszabályok;1958;Élelmiszerfelügyelet és -biztonság
Magyar Közlönyben megjelent jogszabályok;1958;Élelmiszerfelügyelet és -biztonság
Magyar Közlönyben megjelent jogszabályok;1958;Agrár- és élelmiszerkereskedelem
Magyar Közlönyben megjelent jogszabályok;1958;Agrár- és élelmiszerkereskedelem
Magyar Közlönyben megjelent jogszabályok;1958;Agrár- és élelmiszerkereskedelem
Magyar Közlönyben megjelent jogszabályok;1958;Állat- és növénybetegségek, a kártevõk elleni védekezés
Magyar Közlönyben megjelent jogszabályok;1958;Agrár- és élelmiszerkereskedelem
Magyar Közlönyben megjelent jogszabályok;1958;Agrár- és élelmiszerkereskedelem
Magyar Közlönyben megjelent jogszabályok;1958;Általános
Magyar Közlönyben megjelent jogszabályok;1958;Agrár- és élelmiszerkereskedelem
Magyar Közlönyben megjelent jogszabályok;1958;Állat- és növénybetegségek, a kártevõk elleni védekezés
Magyar Közlönyben megjelent jogszabályok;1958;Állat- és növénybetegségek, a kártevõk elleni védekezés
Magyar Közlönyben megjelent jogszabályok;1958;Agrár- és élelmiszerkereskedelem
Magyar Közlönyben megjelent jogszabályok;1958;Állat- és növénybetegségek, a kártevõk elleni védekezés
Magyar Közlönyben megjelent jogszabályok;1958;Egyéb
Magyar Közlönyben megjelent jogszabályok;1958;Agrár- és élelmiszerkereskedelem
Magyar Közlönyben megjelent jogszabályok;1958;Általános
Magyar Közlönyben megjelent jogszabályok;1958;Élelmiszerfelügyelet és -biztonság
Magyar Közlönyben megjelent jogszabályok;1958;Agrártermelõk támogatása
Magyar Közlönyben megjelent jogszabályok;1958;Élelmiszerfelügyelet és -biztonság
Magyar Közlönyben megjelent jogszabályok;1958;Általános
Magyar Közlönyben megjelent jogszabályok;1958;Halászat és horgászat
Magyar Közlönyben megjelent jogszabályok;1958;Agrár- és élelmiszerkereskedelem
Magyar Közlönyben megjelent jogszabályok;1958;Agrár- és élelmiszerkereskedelem
Magyar Közlönyben megjelent jogszabályok;1958;Állat- és növénybetegségek, a kártevõk elleni védekezés
Magyar Közlönyben megjelent jogszabályok;1958;Egyéb
Magyar Közlönyben megjelent jogszabályok;1958;Állat- és növénybetegségek, a kártevõk elleni védekezés
Magyar Közlönyben megjelent jogszabályok;1958;Agrár- és élelmiszerkereskedelem
Magyar Közlönyben megjelent jogszabályok;1958;Agrár- és élelmiszerkereskedelem
Magyar Közlönyben megjelent jogszabályok;1958;Általános
Magyar Közlönyben megjelent jogszabályok;1958;Agrár- és élelmiszerkereskedelem
Magyar Közlönyben megjelent jogszabályok;1958;Élelmiszerfelügyelet és -biztonság
Magyar Közlönyben megjelent jogszabályok;1958;Élelmiszerfelügyelet és -biztonság
Magyar Közlönyben megjelent jogszabályok;1958;Agrár- és élelmiszerkereskedelem
Magyar Közlönyben megjelent jogszabályok;1958;Agrár- és élelmiszerkereskedelem
Magyar Közlönyben megjelent jogszabályok;1958;Agrár- és élelmiszerkereskedelem
Magyar Közlönyben megjelent jogszabályok;1958;Általános
Magyar Közlönyben megjelent jogszabályok;1958;Agrár- és élelmiszerkereskedelem
Magyar Közlönyben megjelent jogszabályok;1958;Agrár- és élelmiszerkereskedelem
Magyar Közlönyben megjelent jogszabályok;1958;Élelmiszerfelügyelet és -biztonság
Magyar Közlönyben megjelent jogszabályok;1958;Élelmiszerfelügyelet és -biztonság
Magyar Közlönyben megjelent jogszabályok;1958;Élelmiszerfelügyelet és -biztonság
Magyar Közlönyben megjelent jogszabályok;1958;Agrár- és élelmiszerkereskedelem
Magyar Közlönyben megjelent jogszabályok;1958;Agrár- és élelmiszerkereskedelem
Magyar Közlönyben megjelent jogszabályok;1958;Állat- és növénybetegségek, a kártevõk elleni védekezés
Magyar Közlönyben megjelent jogszabályok;1958;Agrár- és élelmiszerkereskedelem
Magyar Közlönyben megjelent jogszabályok;1958;Agrár- és élelmiszerkereskedelem
Magyar Közlönyben megjelent jogszabályok;1958;Agrár- és élelmiszerkereskedelem
Magyar Közlönyben megjelent jogszabályok;1958;Agrár- és élelmiszerkereskedelem
Magyar Közlönyben megjelent jogszabályok;1958;Agrár- és élelmiszerkereskedelem
Magyar Közlönyben megjelent jogszabályok;1958;Agrár- és élelmiszerkereskedelem
Magyar Közlönyben megjelent jogszabályok;1958;Élelmiszerfelügyelet és -biztonság
Magyar Közlönyben megjelent jogszabályok;1958;Agrár- és élelmiszerkereskedelem
Magyar Közlönyben megjelent jogszabályok;1958;Agrártermelõk támogatása
Magyar Közlönyben megjelent jogszabályok;1958;Állat- és növénybetegségek, a kártevõk elleni védekezés
Magyar Közlönyben megjelent jogszabályok;1958;Élelmiszerfelügyelet és -biztonság
Magyar Közlönyben megjelent jogszabályok;1958;Élelmiszerfelügyelet és -biztonság
Magyar Közlönyben megjelent jogszabályok;1958;Agrár- és élelmiszerkereskedelem
Magyar Közlönyben megjelent jogszabályok;1958;Agrár- és élelmiszerkereskedelem
Magyar Közlönyben megjelent jogszabályok;1958;Agrár- és élelmiszerkereskedelem
Magyar Közlönyben megjelent jogszabályok;1958;Agrár- és élelmiszerkereskedelem
Magyar Közlönyben megjelent jogszabályok;1958;Élelmiszerfelügyelet és -biztonság
Magyar Közlönyben megjelent jogszabályok;1958;Általános
Magyar Közlönyben megjelent jogszabályok;1958;Általános
Magyar Közlönyben megjelent jogszabályok;1958;Élelmiszerfelügyelet és -biztonság
Magyar Közlönyben megjelent jogszabályok;1958;Általános
Magyar Közlönyben megjelent jogszabályok;1959;Agrár- és élelmiszerkereskedelem
Magyar Közlönyben megjelent jogszabályok;1959;Állat- és növénybetegségek, a kártevõk elleni védekezés
Magyar Közlönyben megjelent jogszabályok;1959;Állat- és növénybetegségek, a kártevõk elleni védekezés
Magyar Közlönyben megjelent jogszabályok;1959;Agrár- és élelmiszerkereskedelem
Magyar Közlönyben megjelent jogszabályok;1959;Állat- és növénybetegségek, a kártevõk elleni védekezés
Magyar Közlönyben megjelent jogszabályok;1959;Állat- és növénybetegségek, a kártevõk elleni védekezés
Magyar Közlönyben megjelent jogszabályok;1959;Agrár- és élelmiszerkereskedelem
Magyar Közlönyben megjelent jogszabályok;1959;Agrártermelõk támogatása
Magyar Közlönyben megjelent jogszabályok;1959;Egyéb
Magyar Közlönyben megjelent jogszabályok;1959;Agrártermelõk támogatása
Magyar Közlönyben megjelent jogszabályok;1959;Agrár- és élelmiszerkereskedelem
Magyar Közlönyben megjelent jogszabályok;1959;Egyéb
Magyar Közlönyben megjelent jogszabályok;1959;Halászat és horgászat
Magyar Közlönyben megjelent jogszabályok;1959;Agrár- és élelmiszerkereskedelem
Magyar Közlönyben megjelent jogszabályok;1959;Agrár- és élelmiszerkereskedelem
Magyar Közlönyben megjelent jogszabályok;1959;Agrártermelõk támogatása
Magyar Közlönyben megjelent jogszabályok;1959;Általános
Magyar Közlönyben megjelent jogszabályok;1959;Általános
Magyar Közlönyben megjelent jogszabályok;1959;Agrártermelõk támogatása
Magyar Közlönyben megjelent jogszabályok;1959;Általános
Magyar Közlönyben megjelent jogszabályok;1959;Általános
Magyar Közlönyben megjelent jogszabályok;1959;Általános
Magyar Közlönyben megjelent jogszabályok;1959;Általános
Magyar Közlönyben megjelent jogszabályok;1959;Élelmiszerfelügyelet és -biztonság
Magyar Közlönyben megjelent jogszabályok;1959;Agrár- és élelmiszerkereskedelem
Magyar Közlönyben megjelent jogszabályok;1959;Agrár- és élelmiszerkereskedelem
Magyar Közlönyben megjelent jogszabályok;1959;Állat- és növénybetegségek, a kártevõk elleni védekezés
Magyar Közlönyben megjelent jogszabályok;1959;Mezõgazdasági kutatás és fejlesztés
Magyar Közlönyben megjelent jogszabályok;1959;Állat- és növénybetegségek, a kártevõk elleni védekezés
Magyar Közlönyben megjelent jogszabályok;1959;Általános
Magyar Közlönyben megjelent jogszabályok;1959;Agrár- és élelmiszerkereskedelem
Magyar Közlönyben megjelent jogszabályok;1959;Állat- és növénybetegségek, a kártevõk elleni védekezés
Magyar Közlönyben megjelent jogszabályok;1959;Élelmiszerfelügyelet és -biztonság
Magyar Közlönyben megjelent jogszabályok;1959;Élelmiszerfelügyelet és -biztonság
Magyar Közlönyben megjelent jogszabályok;1959;Általános
Magyar Közlönyben megjelent jogszabályok;1959;Általános
Magyar Közlönyben megjelent jogszabályok;1959;Általános
Magyar Közlönyben megjelent jogszabályok;1959;Általános
Magyar Közlönyben megjelent jogszabályok;1959;Általános
Magyar Közlönyben megjelent jogszabályok;1959;Agrár- és élelmiszerkereskedelem
Magyar Közlönyben megjelent jogszabályok;1959;Állat- és növénybetegségek, a kártevõk elleni védekezés
Magyar Közlönyben megjelent jogszabályok;1959;Általános
Magyar Közlönyben megjelent jogszabályok;1959;Agrártermelõk támogatása
Magyar Közlönyben megjelent jogszabályok;1959;Agrár- és élelmiszerkereskedelem
Magyar Közlönyben megjelent jogszabályok;1959;Élelmiszerfelügyelet és -biztonság
Magyar Közlönyben megjelent jogszabályok;1959;Élelmiszerfelügyelet és -biztonság
Magyar Közlönyben megjelent jogszabályok;1959;Élelmiszerfelügyelet és -biztonság
Magyar Közlönyben megjelent jogszabályok;1959;Általános
Magyar Közlönyben megjelent jogszabályok;1959;Általános
Magyar Közlönyben megjelent jogszabályok;1959;Általános
Magyar Közlönyben megjelent jogszabályok;1959;Általános
Magyar Közlönyben megjelent jogszabályok;1959;Általános
Magyar Közlönyben megjelent jogszabályok;1959;Agrár- és élelmiszerkereskedelem
Magyar Közlönyben megjelent jogszabályok;1959;Mezõgazdasági kutatás és fejlesztés
Magyar Közlönyben megjelent jogszabályok;1959;Agrár- és élelmiszerkereskedelem
Magyar Közlönyben megjelent jogszabályok;1959;Mezõgazdasági kutatás és fejlesztés
Magyar Közlönyben megjelent jogszabályok;1959;Agrár- és élelmiszerkereskedelem
Magyar Közlönyben megjelent jogszabályok;1959;Agrár- és élelmiszerkereskedelem
Magyar Közlönyben megjelent jogszabályok;1959;Állat- és növénybetegségek, a kártevõk elleni védekezés
Magyar Közlönyben megjelent jogszabályok;1959;Agrártermelõk támogatása
Magyar Közlönyben megjelent jogszabályok;1959;Agrártermelõk támogatása
Magyar Közlönyben megjelent jogszabályok;1959;Általános
Magyar Közlönyben megjelent jogszabályok;1959;Általános
Magyar Közlönyben megjelent jogszabályok;1959;Élelmiszerfelügyelet és -biztonság
Magyar Közlönyben megjelent jogszabályok;1959;Állat- és növénybetegségek, a kártevõk elleni védekezés
Magyar Közlönyben megjelent jogszabályok;1959;Agrár- és élelmiszerkereskedelem
Magyar Közlönyben megjelent jogszabályok;1959;Agrártermelõk támogatása
Magyar Közlönyben megjelent jogszabályok;1959;Agrár- és élelmiszerkereskedelem
Magyar Közlönyben megjelent jogszabályok;1959;Élelmiszerfelügyelet és -biztonság
Magyar Közlönyben megjelent jogszabályok;1959;Agrár- és élelmiszerkereskedelem
Magyar Közlönyben megjelent jogszabályok;1959;Agrár- és élelmiszerkereskedelem
Magyar Közlönyben megjelent jogszabályok;1959;Általános
Magyar Közlönyben megjelent jogszabályok;1959;Egyéb
Magyar Közlönyben megjelent jogszabályok;1959;Egyéb
Magyar Közlönyben megjelent jogszabályok;1959;Állat- és növénybetegségek, a kártevõk elleni védekezés
Magyar Közlönyben megjelent jogszabályok;1960;Általános
Magyar Közlönyben megjelent jogszabályok;1960;Általános
Magyar Közlönyben megjelent jogszabályok;1960;Agrártermelõk támogatása
Magyar Közlönyben megjelent jogszabályok;1960;Élelmiszerfelügyelet és -biztonság
Magyar Közlönyben megjelent jogszabályok;1960;Állat- és növénybetegségek, a kártevõk elleni védekezés
Magyar Közlönyben megjelent jogszabályok;1960;Agrár- és élelmiszerkereskedelem
Magyar Közlönyben megjelent jogszabályok;1960;Általános
Magyar Közlönyben megjelent jogszabályok;1960;Élelmiszerfelügyelet és -biztonság
Magyar Közlönyben megjelent jogszabályok;1960;Halászat és horgászat
Magyar Közlönyben megjelent jogszabályok;1960;Általános
Magyar Közlönyben megjelent jogszabályok;1960;Agrár- és élelmiszerkereskedelem
Magyar Közlönyben megjelent jogszabályok;1960;Általános
Magyar Közlönyben megjelent jogszabályok;1960;Állat- és növénybetegségek, a kártevõk elleni védekezés
Magyar Közlönyben megjelent jogszabályok;1960;Agrár- és élelmiszerkereskedelem
Magyar Közlönyben megjelent jogszabályok;1960;Állat- és növénybetegségek, a kártevõk elleni védekezés
Magyar Közlönyben megjelent jogszabályok;1960;Agrártermelõk támogatása
Magyar Közlönyben megjelent jogszabályok;1960;Agrártermelõk támogatása
Magyar Közlönyben megjelent jogszabályok;1960;Agrár- és élelmiszerkereskedelem
Magyar Közlönyben megjelent jogszabályok;1960;Élelmiszerfelügyelet és -biztonság
Magyar Közlönyben megjelent jogszabályok;1960;Állat- és növénybetegségek, a kártevõk elleni védekezés
Magyar Közlönyben megjelent jogszabályok;1960;Állat- és növénybetegségek, a kártevõk elleni védekezés
Magyar Közlönyben megjelent jogszabályok;1960;Agrár- és élelmiszerkereskedelem
Magyar Közlönyben megjelent jogszabályok;1960;Élelmiszerfelügyelet és -biztonság
Magyar Közlönyben megjelent jogszabályok;1960;Agrártermelõk támogatása
Magyar Közlönyben megjelent jogszabályok;1960;Általános
Magyar Közlönyben megjelent jogszabályok;1960;Agrártermelõk támogatása
Magyar Közlönyben megjelent jogszabályok;1960;Agrártermelõk támogatása
Magyar Közlönyben megjelent jogszabályok;1960;Agrártermelõk támogatása
Magyar Közlönyben megjelent jogszabályok;1960;Állat- és növénybetegségek, a kártevõk elleni védekezés
Magyar Közlönyben megjelent jogszabályok;1960;Agrártermelõk támogatása
Magyar Közlönyben megjelent jogszabályok;1960;Élelmiszerfelügyelet és -biztonság
Magyar Közlönyben megjelent jogszabályok;1960;Élelmiszerfelügyelet és -biztonság
Magyar Közlönyben megjelent jogszabályok;1960;Állat- és növénybetegségek, a kártevõk elleni védekezés
Magyar Közlönyben megjelent jogszabályok;1960;Agrár- és élelmiszerkereskedelem
Magyar Közlönyben megjelent jogszabályok;1960;Általános
Magyar Közlönyben megjelent jogszabályok;1960;Agrártermelõk támogatása
Magyar Közlönyben megjelent jogszabályok;1960;Agrártermelõk támogatása
Magyar Közlönyben megjelent jogszabályok;1960;Agrártermelõk támogatása
Magyar Közlönyben megjelent jogszabályok;1960;Állat- és növénybetegségek, a kártevõk elleni védekezés
Magyar Közlönyben megjelent jogszabályok;1960;Agrár- és élelmiszerkereskedelem
Magyar Közlönyben megjelent jogszabályok;1960;Agrártermelõk támogatása
Magyar Közlönyben megjelent jogszabályok;1960;Általános
Magyar Közlönyben megjelent jogszabályok;1960;Állat- és növénybetegségek, a kártevõk elleni védekezés
Magyar Közlönyben megjelent jogszabályok;1960;Általános
Magyar Közlönyben megjelent jogszabályok;1960;Általános
Magyar Közlönyben megjelent jogszabályok;1960;Élelmiszerfelügyelet és -biztonság
Magyar Közlönyben megjelent jogszabályok;1960;Agrár- és élelmiszerkereskedelem
Magyar Közlönyben megjelent jogszabályok;1960;Agrár- és élelmiszerkereskedelem
Magyar Közlönyben megjelent jogszabályok;1960;Állat- és növénybetegségek, a kártevõk elleni védekezés
Magyar Közlönyben megjelent jogszabályok;1960;Állat- és növénybetegségek, a kártevõk elleni védekezés
Magyar Közlönyben megjelent jogszabályok;1960;Általános
Magyar Közlönyben megjelent jogszabályok;1960;Általános
Magyar Közlönyben megjelent jogszabályok;1960;Állat- és növénybetegségek, a kártevõk elleni védekezés
Magyar Közlönyben megjelent jogszabályok;1960;Agrár- és élelmiszerkereskedelem
Magyar Közlönyben megjelent jogszabályok;1960;Agrár- és élelmiszerkereskedelem
Magyar Közlönyben megjelent jogszabályok;1960;Általános
Magyar Közlönyben megjelent jogszabályok;1960;Élelmiszerfelügyelet és -biztonság
Magyar Közlönyben megjelent jogszabályok;1960;Élelmiszerfelügyelet és -biztonság
Magyar Közlönyben megjelent jogszabályok;1960;Agrár- és élelmiszerkereskedelem
Magyar Közlönyben megjelent jogszabályok;1960;Általános
Magyar Közlönyben megjelent jogszabályok;1960;Állat- és növénybetegségek, a kártevõk elleni védekezés
Magyar Közlönyben megjelent jogszabályok;1960;Agrár- és élelmiszerkereskedelem
Magyar Közlönyben megjelent jogszabályok;1960;Általános
Magyar Közlönyben megjelent jogszabályok;1960;Élelmiszerfelügyelet és -biztonság
Magyar Közlönyben megjelent jogszabályok;1960;Egyéb
Magyar Közlönyben megjelent jogszabályok;1960;Általános
Magyar Közlönyben megjelent jogszabályok;1960;Élelmiszerfelügyelet és -biztonság
Magyar Közlönyben megjelent jogszabályok;1960;Élelmiszerfelügyelet és -biztonság
Magyar Közlönyben megjelent jogszabályok;1960;Általános
Magyar Közlönyben megjelent jogszabályok;1960;Általános
Magyar Közlönyben megjelent jogszabályok;1960;Agrár- és élelmiszerkereskedelem
Magyar Közlönyben megjelent jogszabályok;1960;Egyéb
Magyar Közlönyben megjelent jogszabályok;1960;Egyéb
Magyar Közlönyben megjelent jogszabályok;1960;Agrár- és élelmiszerkereskedelem
Magyar Közlönyben megjelent jogszabályok;1960;Agrár- és élelmiszerkereskedelem
Magyar Közlönyben megjelent jogszabályok;1960;Általános
Magyar Közlönyben megjelent jogszabályok;1961;Mezõgazdasági kutatás és fejlesztés
Magyar Közlönyben megjelent jogszabályok;1961;Általános
Magyar Közlönyben megjelent jogszabályok;1961;Állat- és növénybetegségek, a kártevõk elleni védekezés
Magyar Közlönyben megjelent jogszabályok;1961;Állat- és növénybetegségek, a kártevõk elleni védekezés
Magyar Közlönyben megjelent jogszabályok;1961;Általános
Magyar Közlönyben megjelent jogszabályok;1961;Élelmiszerfelügyelet és -biztonság
Magyar Közlönyben megjelent jogszabályok;1961;Élelmiszerfelügyelet és -biztonság
Magyar Közlönyben megjelent jogszabályok;1961;Állat- és növénybetegségek, a kártevõk elleni védekezés
Magyar Közlönyben megjelent jogszabályok;1961;Általános
Magyar Közlönyben megjelent jogszabályok;1961;Halászat és horgászat
Magyar Közlönyben megjelent jogszabályok;1961;Élelmiszerfelügyelet és -biztonság
Magyar Közlönyben megjelent jogszabályok;1961;Általános
Magyar Közlönyben megjelent jogszabályok;1961;Állat- és növénybetegségek, a kártevõk elleni védekezés
Magyar Közlönyben megjelent jogszabályok;1961;Agrártermelõk támogatása
Magyar Közlönyben megjelent jogszabályok;1961;Állat- és növénybetegségek, a kártevõk elleni védekezés
Magyar Közlönyben megjelent jogszabályok;1961;Agrártermelõk támogatása
Magyar Közlönyben megjelent jogszabályok;1961;Állat- és növénybetegségek, a kártevõk elleni védekezés
Magyar Közlönyben megjelent jogszabályok;1961;Állat- és növénybetegségek, a kártevõk elleni védekezés
Magyar Közlönyben megjelent jogszabályok;1961;Agrártermelõk támogatása
Magyar Közlönyben megjelent jogszabályok;1961;Agrár- és élelmiszerkereskedelem
Magyar Közlönyben megjelent jogszabályok;1961;Agrártermelõk támogatása
Magyar Közlönyben megjelent jogszabályok;1961;Agrártermelõk támogatása
Magyar Közlönyben megjelent jogszabályok;1961;Állat- és növénybetegségek, a kártevõk elleni védekezés
Magyar Közlönyben megjelent jogszabályok;1961;Agrár- és élelmiszerkereskedelem
Magyar Közlönyben megjelent jogszabályok;1961;Agrár- és élelmiszerkereskedelem
Magyar Közlönyben megjelent jogszabályok;1961;Agrár- és élelmiszerkereskedelem
Magyar Közlönyben megjelent jogszabályok;1961;Élelmiszerfelügyelet és -biztonság
Magyar Közlönyben megjelent jogszabályok;1961;Egyéb
Magyar Közlönyben megjelent jogszabályok;1961;Állat- és növénybetegségek, a kártevõk elleni védekezés
Magyar Közlönyben megjelent jogszabályok;1961;Élelmiszerfelügyelet és -biztonság
Magyar Közlönyben megjelent jogszabályok;1961;Általános
Magyar Közlönyben megjelent jogszabályok;1961;Agrár- és élelmiszerkereskedelem
Magyar Közlönyben megjelent jogszabályok;1961;Agrár- és élelmiszerkereskedelem
Magyar Közlönyben megjelent jogszabályok;1961;Agrártermelõk támogatása
Magyar Közlönyben megjelent jogszabályok;1961;Agrártermelõk támogatása
Magyar Közlönyben megjelent jogszabályok;1961;Élelmiszerfelügyelet és -biztonság
Magyar Közlönyben megjelent jogszabályok;1961;Állat- és növénybetegségek, a kártevõk elleni védekezés
Magyar Közlönyben megjelent jogszabályok;1961;Élelmiszerfelügyelet és -biztonság
Magyar Közlönyben megjelent jogszabályok;1961;Általános
Magyar Közlönyben megjelent jogszabályok;1961;Agrár- és élelmiszerkereskedelem
Magyar Közlönyben megjelent jogszabályok;1961;Általános
Magyar Közlönyben megjelent jogszabályok;1961;Egyéb
Magyar Közlönyben megjelent jogszabályok;1961;Agrár- és élelmiszerkereskedelem
Magyar Közlönyben megjelent jogszabályok;1961;Élelmiszerfelügyelet és -biztonság
Magyar Közlönyben megjelent jogszabályok;1961;Élelmiszerfelügyelet és -biztonság
Magyar Közlönyben megjelent jogszabályok;1961;Állat- és növénybetegségek, a kártevõk elleni védekezés
Magyar Közlönyben megjelent jogszabályok;1961;Agrár- és élelmiszerkereskedelem
Magyar Közlönyben megjelent jogszabályok;1961;Élelmiszerfelügyelet és -biztonság
Magyar Közlönyben megjelent jogszabályok;1961;Élelmiszerfelügyelet és -biztonság
Magyar Közlönyben megjelent jogszabályok;1961;Agrár- és élelmiszerkereskedelem
Magyar Közlönyben megjelent jogszabályok;1961;Agrártermelõk támogatása
Magyar Közlönyben megjelent jogszabályok;1961;Halászat és horgászat
Magyar Közlönyben megjelent jogszabályok;1961;Élelmiszerfelügyelet és -biztonság
Magyar Közlönyben megjelent jogszabályok;1961;Mezõgazdasági kutatás és fejlesztés
Magyar Közlönyben megjelent jogszabályok;1961;Agrár- és élelmiszerkereskedelem
Magyar Közlönyben megjelent jogszabályok;1961;Élelmiszerfelügyelet és -biztonság
Magyar Közlönyben megjelent jogszabályok;1961;Élelmiszerfelügyelet és -biztonság
Magyar Közlönyben megjelent jogszabályok;1961;Élelmiszerfelügyelet és -biztonság
Magyar Közlönyben megjelent jogszabályok;1961;Agrártermelõk támogatása
Magyar Közlönyben megjelent jogszabályok;1961;Agrár- és élelmiszerkereskedelem
Magyar Közlönyben megjelent jogszabályok;1961;Általános
Magyar Közlönyben megjelent jogszabályok;1962;Agrár- és élelmiszerkereskedelem
Magyar Közlönyben megjelent jogszabályok;1962;Élelmiszerfelügyelet és -biztonság
Magyar Közlönyben megjelent jogszabályok;1962;Agrár- és élelmiszerkereskedelem
Magyar Közlönyben megjelent jogszabályok;1962;Agrár- és élelmiszerkereskedelem
Magyar Közlönyben megjelent jogszabályok;1962;Halászat és horgászat
Magyar Közlönyben megjelent jogszabályok;1962;Agrártermelõk támogatása
Magyar Közlönyben megjelent jogszabályok;1962;Állat- és növénybetegségek, a kártevõk elleni védekezés
Magyar Közlönyben megjelent jogszabályok;1962;Állat- és növénybetegségek, a kártevõk elleni védekezés
Magyar Közlönyben megjelent jogszabályok;1962;Állat- és növénybetegségek, a kártevõk elleni védekezés
Magyar Közlönyben megjelent jogszabályok;1962;Állat- és növénybetegségek, a kártevõk elleni védekezés
Magyar Közlönyben megjelent jogszabályok;1962;Agrár- és élelmiszerkereskedelem
Magyar Közlönyben megjelent jogszabályok;1962;Agrár- és élelmiszerkereskedelem
Magyar Közlönyben megjelent jogszabályok;1962;Élelmiszerfelügyelet és -biztonság
Magyar Közlönyben megjelent jogszabályok;1962;Agrár- és élelmiszerkereskedelem
Magyar Közlönyben megjelent jogszabályok;1962;Állat- és növénybetegségek, a kártevõk elleni védekezés
Magyar Közlönyben megjelent jogszabályok;1962;Agrár- és élelmiszerkereskedelem
Magyar Közlönyben megjelent jogszabályok;1962;Agrártermelõk támogatása
Magyar Közlönyben megjelent jogszabályok;1962;Halászat és horgászat
Magyar Közlönyben megjelent jogszabályok;1962;Élelmiszerfelügyelet és -biztonság
Magyar Közlönyben megjelent jogszabályok;1962;Agrár- és élelmiszerkereskedelem
Magyar Közlönyben megjelent jogszabályok;1962;Állat- és növénybetegségek, a kártevõk elleni védekezés
Magyar Közlönyben megjelent jogszabályok;1962;Élelmiszerfelügyelet és -biztonság
Magyar Közlönyben megjelent jogszabályok;1962;Agrártermelõk támogatása
Magyar Közlönyben megjelent jogszabályok;1962;Agrár- és élelmiszerkereskedelem
Magyar Közlönyben megjelent jogszabályok;1962;Agrártermelõk támogatása
Magyar Közlönyben megjelent jogszabályok;1962;Általános
Magyar Közlönyben megjelent jogszabályok;1962;Mezõgazdasági kutatás és fejlesztés
Magyar Közlönyben megjelent jogszabályok;1962;Élelmiszerfelügyelet és -biztonság
Magyar Közlönyben megjelent jogszabályok;1962;Agrártermelõk támogatása
Magyar Közlönyben megjelent jogszabályok;1962;Élelmiszerfelügyelet és -biztonság
Magyar Közlönyben megjelent jogszabályok;1962;Állat- és növénybetegségek, a kártevõk elleni védekezés
Magyar Közlönyben megjelent jogszabályok;1962;Élelmiszerfelügyelet és -biztonság
Magyar Közlönyben megjelent jogszabályok;1962;Agrár- és élelmiszerkereskedelem
Magyar Közlönyben megjelent jogszabályok;1962;Agrár- és élelmiszerkereskedelem
Magyar Közlönyben megjelent jogszabályok;1962;Halászat és horgászat
Magyar Közlönyben megjelent jogszabályok;1962;Élelmiszerfelügyelet és -biztonság
Magyar Közlönyben megjelent jogszabályok;1962;Egyéb
Magyar Közlönyben megjelent jogszabályok;1962;Agrártermelõk támogatása
Magyar Közlönyben megjelent jogszabályok;1962;Egyéb
Magyar Közlönyben megjelent jogszabályok;1962;Agrártermelõk támogatása
Magyar Közlönyben megjelent jogszabályok;1962;Állat- és növénybetegségek, a kártevõk elleni védekezés
Magyar Közlönyben megjelent jogszabályok;1962;Agrártermelõk támogatása
Magyar Közlönyben megjelent jogszabályok;1962;Állat- és növénybetegségek, a kártevõk elleni védekezés
Magyar Közlönyben megjelent jogszabályok;1962;Élelmiszerfelügyelet és -biztonság
Magyar Közlönyben megjelent jogszabályok;1962;Állat- és növénybetegségek, a kártevõk elleni védekezés
Magyar Közlönyben megjelent jogszabályok;1963;Élelmiszerfelügyelet és -biztonság
Magyar Közlönyben megjelent jogszabályok;1963;Egyéb
Magyar Közlönyben megjelent jogszabályok;1963;Agrár- és élelmiszerkereskedelem
Magyar Közlönyben megjelent jogszabályok;1963;Állat- és növénybetegségek, a kártevõk elleni védekezés
Magyar Közlönyben megjelent jogszabályok;1963;Általános
Magyar Közlönyben megjelent jogszabályok;1963;Agrártermelõk támogatása
Magyar Közlönyben megjelent jogszabályok;1963;Agrár- és élelmiszerkereskedelem
Magyar Közlönyben megjelent jogszabályok;1963;Agrártermelõk támogatása
Magyar Közlönyben megjelent jogszabályok;1963;Élelmiszerfelügyelet és -biztonság
Magyar Közlönyben megjelent jogszabályok;1963;Agrár- és élelmiszerkereskedelem
Magyar Közlönyben megjelent jogszabályok;1963;Agrár- és élelmiszerkereskedelem
Magyar Közlönyben megjelent jogszabályok;1963;Agrár- és élelmiszerkereskedelem
Magyar Közlönyben megjelent jogszabályok;1963;Halászat és horgászat
Magyar Közlönyben megjelent jogszabályok;1963;Agrár- és élelmiszerkereskedelem
Magyar Közlönyben megjelent jogszabályok;1963;Élelmiszerfelügyelet és -biztonság
Magyar Közlönyben megjelent jogszabályok;1963;Állat- és növénybetegségek, a kártevõk elleni védekezés
Magyar Közlönyben megjelent jogszabályok;1963;Élelmiszerfelügyelet és -biztonság
Magyar Közlönyben megjelent jogszabályok;1963;Agrár- és élelmiszerkereskedelem
Magyar Közlönyben megjelent jogszabályok;1963;Élelmiszerfelügyelet és -biztonság
Magyar Közlönyben megjelent jogszabályok;1963;Élelmiszerfelügyelet és -biztonság
Magyar Közlönyben megjelent jogszabályok;1963;Agrár- és élelmiszerkereskedelem
Magyar Közlönyben megjelent jogszabályok;1963;Egyéb
Magyar Közlönyben megjelent jogszabályok;1963;Agrártermelõk támogatása
Magyar Közlönyben megjelent jogszabályok;1963;Agrártermelõk támogatása
Magyar Közlönyben megjelent jogszabályok;1963;Állat- és növénybetegségek, a kártevõk elleni védekezés
Magyar Közlönyben megjelent jogszabályok;1963;Agrár- és élelmiszerkereskedelem
Magyar Közlönyben megjelent jogszabályok;1963;Mezõgazdasági kutatás és fejlesztés
